{
  "reg_num": 1,
  "reg_config": [
    {
      "image_num": 20,
      "test_images": [
        "frame_0000.jpg",
        "frame_0001.jpg",
        "frame_0002.jpg",
        "frame_0003.jpg",
        "frame_0004.jpg",
        "frame_0005.jpg",
        "frame_0006.jpg",
        "frame_0007.jpg",
        "frame_0008.jpg",
        "frame_0009.jpg",
        "frame_0010.jpg",
        "frame_0011.jpg",
        "frame_0012.jpg",
        "frame_0013.jpg",
        "frame_0014.jpg",
        "frame_0015.jpg",
        "frame_0016.jpg",
        "frame_0017.jpg",
        "frame_0018.jpg",
        "frame_0019.jpg"
      ],
      "expected_results": [
        -1.0,
        0.451374,
        2.417425,
        2.767077,
        1.534492,
        1.063779,
        1.484053,
        3.241006,
        3.803551,
        2.819434,
        2.266543,
        2.311068,
        3.817816,
        4.402601,
        3.606979,
        2.790645,
        2.816387,
        4.407728,
        5.004622,
        3.183115
      ]
    }
  ]
}