{
  "reg_num": 1,
  "reg_config": [
    {
      "model_name": "license_plate_detection_cv186x.cvimodel",
      "image_num": 50,
      "test_images": [
        "0008A2_00_vehicle.jpg"
      ],
      "expected_results": [
        [
          98.135452,
          176.647995,
          186.591415,
          178.558807,
          187.10498,
          223.270142,
          98.649033,
          221.359344
        ]
      ]
    }
  ]
}
