{
      "model_name":"face_attribute_cls_cv186x.bmodel",
      "image_num":10,
      "results":{
        "0.jpg":[
          {
            "gender_score": 0.996078,
            "age":0.262745,
            "glass":0.105882,
            "mask":1.000000
          } 
        ],
        "1.jpg":[
          {
            "gender_score":0.992157,
            "age":0.756863,
            "glass": 0.000000,
            "mask": 0.000000
          }
        ],
        "2.jpg":[
          {
            "gender_score": 0.019608,
            "age":0.196078,
            "glass": 0.000000,
            "mask": 0.000000
          }
        ],
        "3.jpg":[
          {
            "gender_score":1.000000 ,
            "age":0.568627,
            "glass": 0.000000,
            "mask": 0.000000
          }
        ],
        "5.jpg":[
          {
            "gender_score": 0.996078,
            "age":0.294118,
            "glass":1.000000,
            "mask":0.000000
          }
        ],
        "4.jpg":[
          {
            "gender_score": 1.000000,
            "age":0.462745,
            "glass": 1.000000,
            "mask": 0.000000
          }
        ],
        "6.jpg":[
            {
              "gender_score": 0.980392,
              "age":0.392157,
              "glass": 1.000000,
              "mask": 1.000000
            }
        ],
        "7.jpg":[
            {
              "gender_score": 0.501961,
              "age":0.278431,
              "glass": 0.168627,
              "mask": 1.000000
            }
        ],        
        "8.jpg":[
            {
              "gender_score": 0.000000,
              "age":0.364706,
              "glass": 0.000000,
              "mask": 0.000000
            }
        ],
        "9.jpg":[
            {
              "gender_score": 0.000000,
              "age":0.384314,
              "glass": 0.000000,
              "mask": 0.000000
            }
        ]
      }
    
}