{
     "model" : "hardhat_720_1280.cvimodel", 
     "test_images" : ["03017_1280_720_pad.jpg", "00624.jpg"], 
     "expected_results" : [[3, [[394.807922, 233.581451, 504.792053, 354.818573, 0.990387, 0.984375], 
                                [131.320541, 91.790878, 198.079453, 164.609116, 0.987106, 0.984375],
                                [737.001648, 216.332886, 836.598328, 312.467102, 0.985512, 0.984375]]], 
                           [7, [[210.758224, 123.400497, 256.468353, 178.240158, 0.992649, 0.000462],
                                [280.328247, 113.263756, 325.531158, 168.103424, 0.992445, 0.000257],
                                [389.449799, 97.445137, 440.706482, 160.367371, 0.987442, 0.984375],
                                [617.556152, 104.672325, 670.334473, 168.608932, 0.986938, 0.984375],
                                [113.475075, 138.441559, 167.774933, 201.870972, 0.986244, 0.001869],
                                [531.891357, 96.137932, 578.108643, 156.049576, 0.977684, 0.976562],
                                [347.319946, 167.657837, 397.055054, 227.029678, 0.977104, 0.000542]]]],
     "threshold_bbox" : 1.0,
     "threshold_score" : 0.01
   }