{
  "model" : "retinaface_mnet0.25_608_342.cvimodel", 
  "test_images" : ["friends.jpg", "liveness_rgb_1.jpg"], 
  "expected_results" : [[6, [[746.142700, 349.883331, 841.225708, 468.192688], 
                             [903.917969, 62.870979, 1007.522156, 195.058823], 
                             [463.631653, 271.432800, 569.935608, 410.707520], 
                             [1131.967651, 276.142456, 1226.628906, 390.208405], 
                             [268.213409, 148.112213, 365.236877, 258.297119], 
                             [58.879494, 271.330688, 164.044479, 389.640045]]], 
                        [1, [[264.432617, 118.377480, 388.198944, 286.183929]]]],
  "threshold" : 1.0
}
