{
  "model" : "face_landmark_bf16.cvimodel", 
  "image_num": 2, 
  "nme_threshold": 0.95, 
  "test_images" : ["0.jpg", "1.jpg"], 
  "expected_results" : [[182.212006, 338.227692, 263.212006, 387.049878, 238.453801, 311.748538, 299.024561, 308.745029, 270.491228, 346.539181, 246.033005, 359.019501, 286.599365, 355.433472], [569.721008, 698.578674, 121.877007, 245.16615, 606.888596, 143.342661, 661.070750, 142.199578, 635.008448, 185.408131, 610.141479, 203.322510, 658.599854, 201.881653]]
}
