{
  "model" : "retinafaceIR_mnet0.25_608_608.cvimodel", 
  "test_images" : ["friends.jpg", "liveness_ir_1.jpg"], 
  "expected_results" : [[6, [[468.103210, 267.971558, 578.712646, 410.870514], 
                             [895.639160, 61.604923, 1010.045166, 202.605576], 
                             [745.787964, 350.285217, 845.159485, 469.398987], 
                             [1125.894897, 266.267761, 1227.999878, 395.679626], 
                             [50.270691, 265.886871, 164.676682, 393.428955], 
                             [273.248688, 146.285263, 370.646088, 265.398956]]], 
                        [1, [[273.666321, 152.892303, 404.017883, 287.002472]]]],
  "threshold" : 1.0
}
